code,id,user_type_id/id,name,reconcile,chart_template_id/id
000000,account_account_000000,account.data_account_type_current_assets,DOBRO IME,False,account_chart_si_gd
002000,account_account_002000,account.data_account_type_current_assets,ODLOŽENI STROŠKI RAZVIJANJA,False,account_chart_si_gd
003000,account_account_003000,account.data_account_type_current_assets,PREMOŽENJSKE PRAVICE,False,account_chart_si_gd
005000,account_account_005000,account.data_account_type_current_assets,DRUGA NEOPREDMETENA SREDSTVA (TUDI EMISIJSKI KUPONI),False,account_chart_si_gd
007000,account_account_007000,account.data_account_type_current_assets,DOLGOROČNE AKTIVNE ČASOVNE RAZMEJITVE,False,account_chart_si_gd
008000,account_account_008000,account.data_account_type_current_assets,POPRAVEK VREDNOSTI NEOPREDMETENIH SREDSTEV ZARADI AMORTIZIRANJA,False,account_chart_si_gd
009000,account_account_009000,account.data_account_type_current_assets,OSLABITEV VREDNOSTI NEOPREDMETENIH SREDSTEV,False,account_chart_si_gd
010000,account_account_010000,account.data_account_type_current_assets,"NALOŽBENE NEPREMIČNINE, VREDNOTENE PO MODELU NABAVNE VREDNOSTI",False,account_chart_si_gd
011000,account_account_011000,account.data_account_type_current_assets,"NALOŽBENE NEPREMIČNINE, VREDNOTENE PO MODELU POŠTENE VREDNOSTI",False,account_chart_si_gd
015000,account_account_015000,account.data_account_type_current_assets,POPRAVEK VREDNOSTI NALOŽBENIH NEPREMIČNIN ZARADI AMORTIZIRANJA,False,account_chart_si_gd
019000,account_account_019000,account.data_account_type_current_assets,OSLABITEV VREDNOSTI NALOŽBENIH NEPREMIČNIN,False,account_chart_si_gd
020000,account_account_020000,account.data_account_type_current_assets,"ZEMLJIŠČA, VREDNOTENA PO MODELU NABAVNE VREDNOSTI",False,account_chart_si_gd
021000,account_account_021000,account.data_account_type_current_assets,"ZGRADBE, VREDNOTENE PO MODELU NABAVNE VREDNOSTI",False,account_chart_si_gd
022000,account_account_022000,account.data_account_type_current_assets,"ZEMLJIŠČA, VREDNOTENA PO MODELU PREVREDNOTENJA",False,account_chart_si_gd
023000,account_account_023000,account.data_account_type_current_assets,"ZGRADBE, VREDNOTENE PO MODELU PREVREDNOTENJA",False,account_chart_si_gd
027000,account_account_027000,account.data_account_type_current_assets,NEPREMIČNINE V GRADNJI OZIROMA IZDELAVI,False,account_chart_si_gd
031000,account_account_031000,account.data_account_type_current_assets,OSLABITEV VREDNOSTI ZEMLJIŠČ,False,account_chart_si_gd
032000,account_account_032000,account.data_account_type_current_assets,"POPRAVEK VREDNOSTI ZEMLJIŠČ ZARADI AMORTIZIRANJA (KAMNOLOMI, ODLAGALIŠČA ODPADKOV)",False,account_chart_si_gd
035000,account_account_035000,account.data_account_type_current_assets,POPRAVEK VREDNOSTI ZGRADB ZARADI AMORTIZIRANJA,False,account_chart_si_gd
039000,account_account_039000,account.data_account_type_current_assets,OSLABITEV VREDNOSTI ZGRADB,False,account_chart_si_gd
040000,account_account_040000,account.data_account_type_current_assets,"OPREMA IN NADOMESTNI DELI, VREDNOTENI PO MODELU NABAVNE VREDNOSTI",False,account_chart_si_gd
041000,account_account_041000,account.data_account_type_current_assets,DROBNI INVENTAR,False,account_chart_si_gd
042000,account_account_042000,account.data_account_type_current_assets,"OPREMA IN NADOMESTNI DELI, VREDNOTENI PO MODELU PREVREDNOTENJA",False,account_chart_si_gd
043000,account_account_043000,account.data_account_type_current_assets,BIOLOŠKA SREDSTVA,False,account_chart_si_gd
044000,account_account_044000,account.data_account_type_current_assets,VLAGANJA V OPREDMETENA OSNOVNA SREDSTVA V TUJI LASTI,False,account_chart_si_gd
045000,account_account_045000,account.data_account_type_current_assets,DRUGA OPREDMETENA OSNOVNA SREDSTVA,False,account_chart_si_gd
047000,account_account_047000,account.data_account_type_current_assets,OPREMA IN DRUGA OPREDMETENA OSNOVNA SREDSTVA V GRADNJI OZIROMA IZDELAVI,False,account_chart_si_gd
050000,account_account_050000,account.data_account_type_current_assets,POPRAVEK VREDNOSTI OPREME IN NADOMESTNIH DELOV ZARADI AMORTIZIRANJA,False,account_chart_si_gd
051000,account_account_051000,account.data_account_type_current_assets,POPRAVEK VREDNOSTI DROBNEGA INVENTARJA ZARADI AMORTIZIRANJA,False,account_chart_si_gd
052000,account_account_052000,account.data_account_type_current_assets,OSLABITEV VREDNOSTI OPREME IN NADOMESTNIH DELOV,False,account_chart_si_gd
053000,account_account_053000,account.data_account_type_current_assets,POPRAVEK VREDNOSTI BIOLOŠKIH SREDSTEV,False,account_chart_si_gd
054000,account_account_054000,account.data_account_type_current_assets,POPRAVEK VREDNOSTI VLAGANJ V OPREDMETENA OSNOVNA SREDSTVA V TUJI LASTI,False,account_chart_si_gd
055000,account_account_055000,account.data_account_type_current_assets,POPRAVEK VREDNOSTI DRUGIH OPREDMETENIH OSNOVNIH SREDSTEV ZARADI AMORTIZIRANJA,False,account_chart_si_gd
059000,account_account_059000,account.data_account_type_current_assets,OSLABITEV VREDNOSTI DRUGIH OPREDMETENIH OSNOVNIH SREDSTEV,False,account_chart_si_gd
060000,account_account_060000,account.data_account_type_current_assets,"DOLGOROČNE FINANČNE NALOŽBE V DELNICE IN DELEŽE DRUŽB V SKUPINI, RAZPOREJENE IN IZMERJENE PO NABAVNI VREDNOSTI",False,account_chart_si_gd
061000,account_account_061000,account.data_account_type_current_assets,"DOLGOROČNE FINANČNE NALOŽBE V DELNICE IN DELEŽE DRUŽB V SKUPINI, RAZPOREJENE IN IZMERJENE PO POŠTENI VREDNOSTI PREK POSLOVNEGA IZIDA",False,account_chart_si_gd
062000,account_account_062000,account.data_account_type_current_assets,"DOLGOROČNE FINANČNE NALOŽBE V DELNICE IN DELEŽE DRUŽB V SKUPINI, RAZPOREJENE IN IZMERJENE PO POŠTENI VREDNOSTI PREK KAPITALA",False,account_chart_si_gd
063000,account_account_063000,account.data_account_type_current_assets,"DOLGOROČNE FINANČNE NALOŽBE V DELNICE IN DELEŽE PRIDRUŽENIH DRUŽB IN SKUPAJ OBVLADOVANIH DRUŽB, RAZPOREJENE IN IZMERJENE PO NABAVNI VREDNOSTI",False,account_chart_si_gd
064000,account_account_064000,account.data_account_type_current_assets,"DOLGOROČNE FINANČNE NALOŽBE V DELNICE IN DELEŽE PRIDRUŽENIH DRUŽB IN SKUPAJ OBVLADOVANIH DRUŽB, RAZPOREJENE IN IZMERJENE PO POŠTENI VREDNOSTI PREK POSLOVNEGA IZIDA",False,account_chart_si_gd
065000,account_account_065000,account.data_account_type_current_assets,"DOLGOROČNE FINANČNE NALOŽBE V DELNICE IN DELEŽE PRIDRUŽENIH DRUŽB IN SKUPAJ OBVLADOVANIH DRUŽB, RAZPOREJENE IN IZMERJENE PO POŠTENI VREDNOSTI PREK KAPITALA",False,account_chart_si_gd
066000,account_account_066000,account.data_account_type_current_assets,"DRUGE DOLGOROČNE FINANČNE NALOŽBE, RAZPOREJENE IN IZMERJENE PO NABAVNI VREDNOSTI",False,account_chart_si_gd
067000,account_account_067000,account.data_account_type_current_assets,"DRUGE DOLGOROČNE FINANČNE NALOŽBE, RAZPOREJENE IN IZMERJENE PO POŠTENI VREDNOSTI PREK POSLOVNEGA IZIDA",False,account_chart_si_gd
068000,account_account_068000,account.data_account_type_current_assets,"DRUGE DOLGOROČNE FINANČNE NALOŽBE, RAZPOREJENE IN IZMERJENE PO POŠTENI VREDNOSTI PREK KAPITALA",False,account_chart_si_gd
069000,account_account_069000,account.data_account_type_current_assets,OSLABITEV VREDNOSTI DOLGOROČNIH FINANČNIH NALOŽB,False,account_chart_si_gd
070000,account_account_070000,account.data_account_type_current_assets,"DOLGOROČNA POSOJILA, DANA NA PODLAGI POSOJILNIH POGODB DRUŽBAM V SKUPINI, VKLJUČNO Z DOLGOROČNIMI TERJATVAMI IZ FINANČNEGA NAJEMA",False,account_chart_si_gd
071000,account_account_071000,account.data_account_type_current_assets,"DOLGOROČNA POSOJILA, DANA NA PODLAGI POSOJILNIH POGODB PRIDRUŽENIM DRUŽBAM IN SKUPAJ OBVLADOVANIM DRUŽBAM, VKLJUČNO Z DOLGOROČNIMI TERJATVAMI IZ FINANČNEGA NAJEMA",False,account_chart_si_gd
072000,account_account_072000,account.data_account_type_current_assets,"DOLGOROČNA POSOJILA, DANA DRUGIM, VKLJUČNO Z DOLGOROČNIMI TERJATVAMI IZ FINANČNEGA NAJEMA",False,account_chart_si_gd
073000,account_account_073000,account.data_account_type_current_assets,"DOLGOROČNA POSOJILA, DANA Z ODKUPOM OBVEZNIC OD DRUŽB V SKUPINI",False,account_chart_si_gd
074000,account_account_074000,account.data_account_type_current_assets,"DOLGOROČNA POSOJILA, DANA Z ODKUPOM OBVEZNIC OD PRIDRUŽENIH DRUŽB IN SKUPAJ OBVLADOVANIH DRUŽB",False,account_chart_si_gd
075000,account_account_075000,account.data_account_type_current_assets,"DOLGOROČNA POSOJILA, DANA Z ODKUPOM OBVEZNIC OD DRUGIH",False,account_chart_si_gd
076000,account_account_076000,account.data_account_type_current_assets,DOLGOROČNE TERJATVE ZA NEVPLAČANI VPOKLICANI KAPITAL,False,account_chart_si_gd
077000,account_account_077000,account.data_account_type_current_assets,DRUGA DOLGOROČNO VLOŽENA SREDSTVA,False,account_chart_si_gd
078000,account_account_078000,account.data_account_type_current_assets,DANI DOLGOROČNI DEPOZITI,False,account_chart_si_gd
079000,account_account_079000,account.data_account_type_current_assets,OSLABITEV VREDNOSTI DANIH DOLGOROČNIH POSOJIL,False,account_chart_si_gd
080000,account_account_080000,account.data_account_type_current_assets,"DOLGOROČNI BLAGOVNI KREDITI, DANI V DRŽAVI",False,account_chart_si_gd
081000,account_account_081000,account.data_account_type_current_assets,"DOLGOROČNI BLAGOVNI KREDITI, DANI V TUJINI",False,account_chart_si_gd
082000,account_account_082000,account.data_account_type_current_assets,DANI DOLGOROČNI POTROŠNIŠKI KREDITI,False,account_chart_si_gd
083000,account_account_083000,account.data_account_type_current_assets,DANI DOLGOROČNI PREDUJMI,False,account_chart_si_gd
084000,account_account_084000,account.data_account_type_current_assets,DANE DOLGOROČNE VARŠČINE,False,account_chart_si_gd
086000,account_account_086000,account.data_account_type_current_assets,DRUGE DOLGOROČNE POSLOVNE TERJATVE,False,account_chart_si_gd
089000,account_account_089000,account.data_account_type_current_assets,OSLABITEV VREDNOSTI DOLGOROČNIH POSLOVNIH TERJATEV,False,account_chart_si_gd
090000,account_account_090000,account.data_account_type_current_assets,TERJATVE ZA ODLOŽENI DAVEK IZ ODBITNIH ZAČASNIH RAZLIK,False,account_chart_si_gd
091000,account_account_091000,account.data_account_type_current_assets,"TERJATVE ZA ODLOŽENI DAVEK IZ NEIZRABLJENIH DAVČNIH IZGUB, PRENESENIH V NASLEDNJA DAVČNA OBDOBJA",False,account_chart_si_gd
092000,account_account_092000,account.data_account_type_current_assets,"TERJATVE ZA ODLOŽENI DAVEK IZ DAVČNIH DOBROPISOV, PRENESENIH V NASLEDNJA DAVČNA OBDOBJA",False,account_chart_si_gd
100000,account_account_100000,account.data_account_type_current_assets,"DENARNA SREDSTVA V BLAGAJNI, RAZEN DEVIZNIH SREDSTEV",False,account_chart_si_gd
101000,account_account_101000,account.data_account_type_current_assets,DEVIZNA SREDSTVA V BLAGAJNI,False,account_chart_si_gd
102000,account_account_102000,account.data_account_type_current_assets,IZDANI ČEKI (ODBITNA POSTAVKA),False,account_chart_si_gd
103000,account_account_103000,account.data_account_type_current_assets,PREJETI ČEKI,False,account_chart_si_gd
104000,account_account_104000,account.data_account_type_current_assets,NETVEGANI TAKOJ UDENARLJIVI DOLŽNIŠKI VREDNOSTNI PAPIRJI,False,account_chart_si_gd
110000,account_account_110000,account.data_account_type_current_assets,"DENARNA SREDSTVA NA RAČUNIH, RAZEN DEVIZNIH",False,account_chart_si_gd
111000,account_account_111000,account.data_account_type_current_assets,"KRATKOROČNI DEPOZITI OZIROMA DEPOZITI NA ODPOKLIC, RAZEN DEVIZNIH",False,account_chart_si_gd
112000,account_account_112000,account.data_account_type_current_assets,DEVIZNA SREDSTVA NA RAČUNIH,False,account_chart_si_gd
113000,account_account_113000,account.data_account_type_current_assets,KRATKOROČNI DEVIZNI DEPOZITI OZIROMA DEVIZNI DEPOZITI NA ODPOKLIC,False,account_chart_si_gd
114000,account_account_114000,account.data_account_type_current_assets,DENARNA SREDSTVA NA POSEBNIH RAČUNIH OZIROMA ZA POSEBNE NAMENE,False,account_chart_si_gd
120000,account_account_120000,account.data_account_type_receivable,KRATKOROČNE TERJATVE DO KUPCEV V DRŽAVI,True,account_chart_si_gd
121000,account_account_121000,account.data_account_type_receivable,KRATKOROČNE TERJATVE DO KUPCEV V TUJINI,True,account_chart_si_gd
122000,account_account_122000,account.data_account_type_current_assets,"KRATKOROČNI BLAGOVNI KREDITI, DANI KUPCEM V DRŽAVI",False,account_chart_si_gd
123000,account_account_123000,account.data_account_type_current_assets,"KRATKOROČNI BLAGOVNI KREDITI, DANI KUPCEM V TUJINI",False,account_chart_si_gd
124000,account_account_124000,account.data_account_type_current_assets,"KRATKOROČNI POTROŠNIŠKI KREDITI, DANI KUPCEM V DRŽAVI",False,account_chart_si_gd
129000,account_account_129000,account.data_account_type_current_assets,OSLABITEV VREDNOSTI KRATKOROČNIH TERJATEV DO KUPCEV,False,account_chart_si_gd
130000,account_account_130000,account.data_account_type_current_assets,"KRATKOROČNI PREDUJMI, DANI ZA OPREDMETENA OSNOVNA SREDSTVA",False,account_chart_si_gd
131000,account_account_131000,account.data_account_type_current_assets,"KRATKOROČNI PREDUJMI, DANI ZA NEOPREDMETENA SREDSTVA",False,account_chart_si_gd
132000,account_account_132000,account.data_account_type_current_assets,"KRATKOROČNI PREDUJMI, DANI ZA ZALOGE MATERIALA IN BLAGA TER ŠE NE OPRAVLJENE STORITVE",False,account_chart_si_gd
133000,account_account_133000,account.data_account_type_receivable,DRUGI DANI KRATKOROČNI PREDUJMI IN PREPLAČILA,True,account_chart_si_gd
134000,account_account_134000,account.data_account_type_current_assets,DANE KRATKOROČNE VARŠČINE,False,account_chart_si_gd
139000,account_account_139000,account.data_account_type_current_assets,OSLABITEV VREDNOSTI DANIH KRATKOROČNIH PREDUJMOV IN VARŠČIN,False,account_chart_si_gd
140000,account_account_140000,account.data_account_type_current_assets,KRATKOROČNE TERJATVE DO IZVOZNIKOV,False,account_chart_si_gd
141000,account_account_141000,account.data_account_type_current_assets,KRATKOROČNE TERJATVE IZ UVOZA ZA TUJ RAČUN,False,account_chart_si_gd
142000,account_account_142000,account.data_account_type_current_assets,KRATKOROČNE TERJATVE IZ KOMISIJSKE IN KONSIGNACIJSKE PRODAJE,False,account_chart_si_gd
145000,account_account_145000,account.data_account_type_current_assets,DRUGE KRATKOROČNE TERJATVE IZ POSLOVANJA ZA TUJ RAČUN,False,account_chart_si_gd
149000,account_account_149000,account.data_account_type_current_assets,OSLABITEV VREDNOSTI KRATKOROČNIH TERJATEV IZ POSLOVANJA ZA TUJ RAČUN,False,account_chart_si_gd
150000,account_account_150000,account.data_account_type_current_assets,KRATKOROČNE TERJATVE ZA OBRESTI,False,account_chart_si_gd
151000,account_account_151000,account.data_account_type_current_assets,KRATKOROČNE TERJATVE ZA DIVIDENDE,False,account_chart_si_gd
152000,account_account_152000,account.data_account_type_current_assets,KRATKOROČNE TERJATVE ZA DRUGE DELEŽE V DOBIČKU,False,account_chart_si_gd
155000,account_account_155000,account.data_account_type_current_assets,"DRUGE KRATKOROČNE TERJATVE, POVEZANE S FINANČNIMI PRIHODKI",False,account_chart_si_gd
159000,account_account_159000,account.data_account_type_current_assets,"OSLABITEV VREDNOSTI KRATKOROČNIH TERJATEV, POVEZANIH S FINANČNIMI PRIHODKI",False,account_chart_si_gd
160000,account_account_160000,account.data_account_type_current_assets,KRATKOROČNE TERJATVE ZA ODBITNI DDV 22%,False,account_chart_si_gd
160001,account_account_160001,account.data_account_type_current_assets,"KRATKOROČNE TERJATVE ZA ODBITNI DDV 9,5%",False,account_chart_si_gd
160002,account_account_160002,account.data_account_type_current_assets,KRATKOROČNE TERJATVE ZA ODBITNI DDV 22% - EU,False,account_chart_si_gd
160003,account_account_160003,account.data_account_type_current_assets,"KRATKOROČNE TERJATVE ZA ODBITNI DDV 9,5% - EU",False,account_chart_si_gd
160004,account_account_160004,account.data_account_type_current_assets,KRATKOROČNE TERJATVE ZA ODBITNI DDV 22% - UVOZ,False,account_chart_si_gd
160005,account_account_160005,account.data_account_type_current_assets,"KRATKOROČNE TERJATVE ZA ODBITNI DDV 9,5% - UVOZ",False,account_chart_si_gd
160006,account_account_160006,account.data_account_type_current_assets,KRATKOROČNE TERJATVE ZA ODBITNI DDV 4% – PAVŠALNO NADOMESTILO,False,account_chart_si_gd
161000,account_account_161000,account.data_account_type_current_assets,"KRATKOROČNE TERJATVE ZA DAVEK OD DOHODKOV PRAVNIH OSEB, VKLJUČNO Z DAVKOM, PLAČANIM V TUJINI",False,account_chart_si_gd
162000,account_account_162000,account.data_account_type_current_assets,DRUGE KRATKOROČNE TERJATVE DO DRŽAVNIH IN DRUGIH INŠTITUCIJ,False,account_chart_si_gd
165000,account_account_165000,account.data_account_type_current_assets,OSTALE KRATKOROČNE TERJATVE,False,account_chart_si_gd
166000,account_account_166000,account.data_account_type_current_assets,"KRATKOROČNE TERJATVE ZA DDV, VRNJEN TUJCEM",False,account_chart_si_gd
167000,account_account_167000,account.data_account_type_current_assets,"KRATKOROČNE TERJATVE ZA DDV, PLAČAN V TUJINI",False,account_chart_si_gd
169000,account_account_169000,account.data_account_type_current_assets,OSLABITEV VREDNOSTI DRUGIH KRATKOROČNIH TERJATEV,False,account_chart_si_gd
170000,account_account_170000,account.data_account_type_current_assets,"KRATKOROČNE FINANČNE NALOŽBE V DELNICE IN DELEŽE DRUŽB V SKUPINI, RAZPOREJENE IN IZMERJENE PO NABAVNI VREDNOSTI",False,account_chart_si_gd
171000,account_account_171000,account.data_account_type_current_assets,"KRATKOROČNE FINANČNE NALOŽBE V DELNICE IN DELEŽE DRUŽB V SKUPINI, RAZPOREJENE IN IZMERJENE PO POŠTENI VREDNOSTI PREK POSLOVNEGA IZIDA",False,account_chart_si_gd
172000,account_account_172000,account.data_account_type_current_assets,"KRATKOROČNE FINANČNE NALOŽBE V DELNICE IN DELEŽE DRUŽB V SKUPINI, RAZPOREJENE IN IZMERJENE PO POŠTENI VREDNOSTI PREK KAPITALA",False,account_chart_si_gd
173000,account_account_173000,account.data_account_type_current_assets,"KRATKOROČNE FINANČNE NALOŽBE V DELNICE IN DELEŽE PRIDRUŽENIH DRUŽB IN SKUPAJ OBVLADOVANIH DRUŽB, RAZPOREJENE IN IZMERJENE PO NABAVNI VREDNOSTI",False,account_chart_si_gd
174000,account_account_174000,account.data_account_type_current_assets,"KRATKOROČNE FINANČNE NALOŽBE V DELNICE IN DELEŽE PRIDRUŽENIH DRUŽB IN SKUPAJ OBVLADOVANIH DRUŽB, RAZPOREJENE IN IZMERJENE PO POŠTENI VREDNOSTI PREK POSLOVNEGA IZIDA",False,account_chart_si_gd
175000,account_account_175000,account.data_account_type_current_assets,"KRATKOROČNE FINANČNE NALOŽBE V DELNICE IN DELEŽE PRIDRUŽENIH DRUŽB IN SKUPAJ OBVLADOVANIH DRUŽB, RAZPOREJENE IN IZMERJENE PO POŠTENI VREDNOSTI PREK KAPITALA",False,account_chart_si_gd
176000,account_account_176000,account.data_account_type_current_assets,"DRUGE KRATKOROČNE FINANČNE NALOŽBE, RAZPOREJENE IN IZMERJENE PO NABAVNI VREDNOSTI",False,account_chart_si_gd
177000,account_account_177000,account.data_account_type_current_assets,"DRUGE KRATKOROČNE FINANČNE NALOŽBE, RAZPOREJENE IN IZMERJENE PO POŠTENI VREDNOSTI PREK POSLOVNEGA IZIDA",False,account_chart_si_gd
178000,account_account_178000,account.data_account_type_current_assets,"DRUGE KRATKOROČNE FINANČNE NALOŽBE, RAZPOREJENE IN IZMERJENE PO POŠTENI VREDNOSTI PREK KAPITALA",False,account_chart_si_gd
179000,account_account_179000,account.data_account_type_current_assets,OSLABITEV VREDNOSTI KRATKOROČNIH FINANČNIH NALOŽB,False,account_chart_si_gd
180000,account_account_180000,account.data_account_type_current_assets,"KRATKOROČNA POSOJILA, DANA NA PODLAGI POSOJILNIH POGODB DRUŽBAM V SKUPINI",False,account_chart_si_gd
181000,account_account_181000,account.data_account_type_current_assets,"KRATKOROČNA POSOJILA, DANA NA PODLAGI POSOJILNIH POGODB PRIDRUŽENIM DRUŽBAM IN SKUPAJ OBVLADOVANIM DRUŽBAM",False,account_chart_si_gd
182000,account_account_182000,account.data_account_type_current_assets,"KRATKOROČNA POSOJILA, DANA DRUGIM",False,account_chart_si_gd
183000,account_account_183000,account.data_account_type_current_assets,KRATKOROČNI DEPOZITI V BANKAH IN DRUGIH FINANČNIH ORGANIZACIJAH,False,account_chart_si_gd
184000,account_account_184000,account.data_account_type_current_assets,KRATKOROČNO DANA POSOJILA Z ODKUPOM OBVEZNIC,False,account_chart_si_gd
185000,account_account_185000,account.data_account_type_current_assets,PREJETE MENICE,False,account_chart_si_gd
186000,account_account_186000,account.data_account_type_current_assets,KRATKOROČNO DANA POSOJILA Z ODKUPOM DRUGIH DOLŽNIŠKIH VREDNOSTNIH PAPIRJEV,False,account_chart_si_gd
187000,account_account_187000,account.data_account_type_current_assets,KRATKOROČNO NEVPLAČANI VPOKLICANI KAPITAL,False,account_chart_si_gd
189000,account_account_189000,account.data_account_type_current_assets,OSLABITEV VREDNOSTI KRATKOROČNIH POSOJIL,False,account_chart_si_gd
190000,account_account_190000,account.data_account_type_current_assets,KRATKOROČNO ODLOŽENI STROŠKI OZIROMA ODHODKI,False,account_chart_si_gd
191000,account_account_191000,account.data_account_type_current_assets,KRATKOROČNO NEZARAČUNANI PRIHODKI,False,account_chart_si_gd
192000,account_account_192000,account.data_account_type_current_assets,VREDNOTNICE,False,account_chart_si_gd
195000,account_account_195000,account.data_account_type_current_assets,DDV OD PREJETIH PREDUJMOV,False,account_chart_si_gd
210000,account_account_210000,account.data_account_type_current_liabilities,"OBVEZNOSTI, VKLJUČENE V SKUPINE ZA ODTUJITEV",False,account_chart_si_gd
220000,account_account_220000,account.data_account_type_payable,KRATKOROČNE OBVEZNOSTI (DOLGOVI) DO DOBAVITELJEV V DRŽAVI,True,account_chart_si_gd
221000,account_account_221000,account.data_account_type_payable,KRATKOROČNE OBVEZNOSTI (DOLGOVI) DO DOBAVITELJEV V TUJINI,True,account_chart_si_gd
222000,account_account_222000,account.data_account_type_current_liabilities,"KRATKOROČNI BLAGOVNI KREDITI, PREJETI V DRŽAVI",False,account_chart_si_gd
223000,account_account_223000,account.data_account_type_current_liabilities,"KRATKOROČNI BLAGOVNI KREDITI, PREJETI V TUJINI",False,account_chart_si_gd
224000,account_account_224000,account.data_account_type_current_liabilities,KRATKOROČNE OBVEZNOSTI (DOLGOVI) ZA NEZARAČUNANE BLAGO IN STORITVE,False,account_chart_si_gd
230000,account_account_230000,account.data_account_type_payable,PREJETI KRATKOROČNI PREDUJMI,True,account_chart_si_gd
231000,account_account_231000,account.data_account_type_current_liabilities,PREJETE KRATKOROČNE VARŠČINE,False,account_chart_si_gd
240000,account_account_240000,account.data_account_type_current_liabilities,KRATKOROČNE OBVEZNOSTI IZ IZVOZA ZA TUJ RAČUN,False,account_chart_si_gd
241000,account_account_241000,account.data_account_type_current_liabilities,KRATKOROČNE OBVEZNOSTI DO UVOZNIKOV,False,account_chart_si_gd
242000,account_account_242000,account.data_account_type_current_liabilities,KRATKOROČNE OBVEZNOSTI IZ KOMISIJSKE IN KONSIGNACIJSKE PRODAJE,False,account_chart_si_gd
245000,account_account_245000,account.data_account_type_current_liabilities,DRUGE KRATKOROČNE OBVEZNOSTI IZ POSLOVANJA ZA TUJ RAČUN,False,account_chart_si_gd
250000,account_account_250000,account.data_account_type_current_liabilities,KRATKOROČNE OBVEZNOSTI ZA VRAČUNANE IN NEOBRAČUNANE PLAČE,False,account_chart_si_gd
251000,account_account_251000,account.data_account_type_current_liabilities,KRATKOROČNE OBVEZNOSTI ZA ČISTE PLAČE IN NADOMESTILA PLAČ,False,account_chart_si_gd
253000,account_account_253000,account.data_account_type_current_liabilities,KRATKOROČNE OBVEZNOSTI ZA PRISPEVKE IZ KOSMATIH PLAČ IN NADOMESTIL PLAČ,False,account_chart_si_gd
254000,account_account_254000,account.data_account_type_current_liabilities,KRATKOROČNE OBVEZNOSTI ZA DAVKE IZ KOSMATIH PLAČ IN NADOMESTIL PLAČ,False,account_chart_si_gd
255000,account_account_255000,account.data_account_type_current_liabilities,KRATKOROČNE OBVEZNOSTI ZA DRUGE PREJEMKE IZ DELOVNEGA RAZMERJA,False,account_chart_si_gd
256000,account_account_256000,account.data_account_type_current_liabilities,"KRATKOROČNE OBVEZNOSTI ZA PRISPEVKE IZ DRUGIH PREJEMKOV IZ DELOVNEGA RAZMERJA, KI SE NE OBRAČUNAVAJO SKUPAJ S PLAČAMI",False,account_chart_si_gd
257000,account_account_257000,account.data_account_type_current_liabilities,"KRATKOROČNE OBVEZNOSTI ZA DAVEK IZ DRUGIH PREJEMKOV IZ DELOVNEGA RAZMERJA, KI SE NE OBRAČUNAVAJO SKUPAJ S PLAČAMI",False,account_chart_si_gd
260000,account_account_260000,account.data_account_type_current_liabilities,OBVEZNOSTI ZA OBRAČUNAN DDV 22% - ZAVEZANCI,False,account_chart_si_gd
260001,account_account_260001,account.data_account_type_current_liabilities,"OBVEZNOSTI ZA OBRAČUNAN DDV 9,5% - ZAVEZANCI",False,account_chart_si_gd
260002,account_account_260002,account.data_account_type_current_liabilities,OBVEZNOSTI ZA OBRAČUNAN DDV 22% - KONČNI POTROŠNIKI,False,account_chart_si_gd
260003,account_account_260003,account.data_account_type_current_liabilities,"OBVEZNOSTI ZA OBRAČUNAN DDV 9,5% - KONČNI POTROŠNIKI",False,account_chart_si_gd
261000,account_account_261000,account.data_account_type_current_liabilities,"OBVEZNOSTI ZA DDV, CARINO IN DRUGE DAJATVE OD UVOŽENEGA BLAGA",False,account_chart_si_gd
262000,account_account_262000,account.data_account_type_current_liabilities,OBVEZNOSTI ZA PRISPEVKE IZPLAČEVALCA,False,account_chart_si_gd
263000,account_account_263000,account.data_account_type_current_liabilities,OBVEZNOSTI ZA DAVEK OD IZPLAČANIH PLAČ,False,account_chart_si_gd
264000,account_account_264000,account.data_account_type_current_liabilities,OBVEZNOSTI ZA DAVEK OD DOHODKOV,False,account_chart_si_gd
265000,account_account_265000,account.data_account_type_current_liabilities,OBVEZNOSTI ZA DAVČNI ODTEGLJAJ,False,account_chart_si_gd
266000,account_account_266000,account.data_account_type_current_liabilities,DRUGE KRATKOROČNE OBVEZNOSTI DO DRŽAVNIH IN DRUGIH INŠTITUCIJ,False,account_chart_si_gd
270000,account_account_270000,account.data_account_type_current_liabilities,"KRATKOROČNA POSOJILA, DOBLJENA PRI DRUŽBAH V SKUPINI",False,account_chart_si_gd
271000,account_account_271000,account.data_account_type_current_liabilities,"KRATKOROČNA POSOJILA, DOBLJENA PRI PRIDRUŽENIH DRUŽBAH IN SKUPAJ OBVLADOVANIH DRUŽBAH",False,account_chart_si_gd
272000,account_account_272000,account.data_account_type_current_liabilities,"KRATKOROČNA POSOJILA, DOBLJENA PRI BANKAH IN DRUŽBAH V DRŽAVI",False,account_chart_si_gd
273000,account_account_273000,account.data_account_type_current_liabilities,"KRATKOROČNA POSOJILA, DOBLJENA PRI BANKAH IN DRUŽBAH V TUJINI",False,account_chart_si_gd
274000,account_account_274000,account.data_account_type_current_liabilities,KRATKOROČNE FINANČNE OBVEZNOSTI V ZVEZI Z OBVEZNICAMI,False,account_chart_si_gd
275000,account_account_275000,account.data_account_type_current_liabilities,KRATKOROČNE OBVEZNOSTI V ZVEZI Z RAZDELITVIJO POSLOVNEGA IZIDA,False,account_chart_si_gd
276000,account_account_276000,account.data_account_type_current_liabilities,KRATKOROČNE FINANČNE OBVEZNOSTI DO FIZIČNIH OSEB,False,account_chart_si_gd
278000,account_account_278000,account.data_account_type_current_liabilities,OBVEZNOSTI IZ VPLAČILA KAPITALA DO VPISA V SODNI REGISTER,False,account_chart_si_gd
279000,account_account_279000,account.data_account_type_current_liabilities,DRUGE KRATKOROČNE FINANČNE OBVEZNOSTI,False,account_chart_si_gd
280000,account_account_280000,account.data_account_type_current_liabilities,KRATKOROČNE OBVEZNOSTI ZA OBRESTI,False,account_chart_si_gd
281000,account_account_281000,account.data_account_type_current_liabilities,KRATKOROČNE MENIČNE OBVEZNOSTI,False,account_chart_si_gd
282000,account_account_282000,account.data_account_type_current_liabilities,KRATKOROČNE OBVEZNOSTI V ZVEZI Z ODTEGLJAJI OD PLAČ IN NADOMESTIL PLAČ ZAPOSLENCEM,False,account_chart_si_gd
285000,account_account_285000,account.data_account_type_current_liabilities,OSTALE KRATKOROČNE POSLOVNE OBVEZNOSTI,False,account_chart_si_gd
290000,account_account_290000,account.data_account_type_current_liabilities,VNAPREJ VRAČUNANI STROŠKI OZIROMA ODHODKI,False,account_chart_si_gd
291000,account_account_291000,account.data_account_type_current_liabilities,KRATKOROČNO ODLOŽENI PRIHODKI,False,account_chart_si_gd
295000,account_account_295000,account.data_account_type_current_liabilities,DDV OD DANIH PREDUJMOV,False,account_chart_si_gd
300000,account_account_300000,account.data_account_type_current_assets,VREDNOST SUROVIN IN MATERIALA PO OBRAČUNIH DOBAVITELJEV,False,account_chart_si_gd
301000,account_account_301000,account.data_account_type_current_assets,ODVISNI STROŠKI NABAVE SUROVIN IN MATERIALA,False,account_chart_si_gd
302000,account_account_302000,account.data_account_type_current_assets,CARINA IN DRUGE UVOZNE DAVŠČINE OD SUROVIN IN MATERIALA,False,account_chart_si_gd
303000,account_account_303000,account.data_account_type_current_assets,DDV IN DRUGE DAVŠČINE OD SUROVIN IN MATERIALA,False,account_chart_si_gd
309000,account_account_309000,account.data_account_type_current_assets,OBRAČUN NABAVE SUROVIN IN MATERIALA,False,account_chart_si_gd
310000,account_account_310000,account.data_account_type_current_assets,ZALOGE SUROVIN IN MATERIALA V SKLADIŠČU,False,account_chart_si_gd
312000,account_account_312000,account.data_account_type_current_assets,ZALOGE SUROVIN IN MATERIALA NA POTI,False,account_chart_si_gd
316000,account_account_316000,account.data_account_type_current_assets,ZALOGE SUROVIN IN MATERIALA V DODELAVI IN PREDELAVI,False,account_chart_si_gd
319000,account_account_319000,account.data_account_type_current_assets,ODMIKI OD CEN ZALOG SUROVIN IN MATERIALA,False,account_chart_si_gd
320000,account_account_320000,account.data_account_type_current_assets,ZALOGE DROBNEGA INVENTARJA IN EMBALAŽE V SKLADIŠČU,False,account_chart_si_gd
321000,account_account_321000,account.data_account_type_current_assets,"ZALOGE DROBNEGA INVENTARJA IN EMBALAŽE, DANE V UPORABO",False,account_chart_si_gd
329000,account_account_329000,account.data_account_type_current_assets,ODMIKI OD CEN DROBNEGA INVENTARJA IN EMBALAŽE,False,account_chart_si_gd
400000,account_account_400000,account.data_account_type_expenses,STROŠKI MATERIALA,False,account_chart_si_gd
401000,account_account_401000,account.data_account_type_expenses,STROŠKI POMOŽNEGA MATERIALA,False,account_chart_si_gd
402000,account_account_402000,account.data_account_type_expenses,STROŠKI ENERGIJE,False,account_chart_si_gd
403000,account_account_403000,account.data_account_type_expenses,STROŠKI NADOMESTNIH DELOV ZA OSNOVNA SREDSTVA IN MATERIALA ZA VZDRŽEVANJE OSNOVNIH SREDSTEV,False,account_chart_si_gd
404000,account_account_404000,account.data_account_type_expenses,ODPIS DROBNEGA INVENTARJA IN EMBALAŽE,False,account_chart_si_gd
405000,account_account_405000,account.data_account_type_expenses,USKLADITEV STROŠKOV MATERIALA IN DROBNEGA INVENTARJA ZARADI UGOTOVLJENIH POPISNIH RAZLIK,False,account_chart_si_gd
406000,account_account_406000,account.data_account_type_expenses,STROŠKI PISARNIŠKEGA MATERIALA IN STROKOVNE LITERATURE,False,account_chart_si_gd
407000,account_account_407000,account.data_account_type_expenses,DRUGI STROŠKI MATERIALA,False,account_chart_si_gd
410000,account_account_410000,account.data_account_type_expenses,STROŠKI STORITEV PRI USTVARJANJU PROIZVODOV IN OPRAVLJANJU STORITEV,False,account_chart_si_gd
411000,account_account_411000,account.data_account_type_expenses,STROŠKI TRANSPORTNIH STORITEV,False,account_chart_si_gd
412000,account_account_412000,account.data_account_type_expenses,STROŠKI STORITEV V ZVEZI Z VZDRŽEVANJEM,False,account_chart_si_gd
413000,account_account_413000,account.data_account_type_expenses,NAJEMNINE,False,account_chart_si_gd
414000,account_account_414000,account.data_account_type_expenses,POVRAČILA STROŠKOV ZAPOSLENCEM V ZVEZI Z DELOM,False,account_chart_si_gd
415000,account_account_415000,account.data_account_type_expenses,"STROŠKI PLAČILNEGA PROMETA, STROŠKI BANČNIH STORITEV, STROŠKI POSLOV IN ZAVAROVALNE PREMIJE",False,account_chart_si_gd
416000,account_account_416000,account.data_account_type_expenses,STROŠKI INTELEKTUALNIH IN OSEBNIH STORITEV,False,account_chart_si_gd
417000,account_account_417000,account.data_account_type_expenses,"STROŠKI SEJMOV, REKLAME IN REPREZENTANCE",False,account_chart_si_gd
418000,account_account_418000,account.data_account_type_expenses,"STROŠKI STORITEV FIZIČNIH OSEB, KI NE OPRAVLJAJO DEJAVNOSTI, SKUPAJ Z DAJATVAMI, KI BREMENIJO PODJETJE (STROŠKI PO POGODBAH O DELU, AVTORSKIH POGODBAH, SEJNINE ZAPOSLENCEM IN DRUGIM OSEBAM …)",False,account_chart_si_gd
419000,account_account_419000,account.data_account_type_expenses,STROŠKI DRUGIH STORITEV,False,account_chart_si_gd
430000,account_account_430000,account.data_account_type_expenses,AMORTIZACIJA NEOPREDMETENIH SREDSTEV,False,account_chart_si_gd
431000,account_account_431000,account.data_account_type_expenses,AMORTIZACIJA ZGRADB,False,account_chart_si_gd
432000,account_account_432000,account.data_account_type_expenses,AMORTIZACIJA OPREME IN NADOMESTNIH DELOV,False,account_chart_si_gd
433000,account_account_433000,account.data_account_type_expenses,AMORTIZACIJA DROBNEGA INVENTARJA,False,account_chart_si_gd
434000,account_account_434000,account.data_account_type_expenses,AMORTIZACIJA DRUGIH OPREDMETENIH OSNOVNIH SREDSTEV,False,account_chart_si_gd
435000,account_account_435000,account.data_account_type_expenses,AMORTIZACIJA NALOŽBENIH NEPREMIČNIN,False,account_chart_si_gd
440000,account_account_440000,account.data_account_type_expenses,REZERVACIJE ZA STROŠKE REORGANIZACIJE PODJETJA,False,account_chart_si_gd
441000,account_account_441000,account.data_account_type_expenses,REZERVACIJE ZA DANA JAMSTVA,False,account_chart_si_gd
442000,account_account_442000,account.data_account_type_expenses,REZERVACIJE ZA KOČLJIVE POGODBE,False,account_chart_si_gd
443000,account_account_443000,account.data_account_type_expenses,"REZERVACIJE ZA POKOJNINE, JUBILEJNE NAGRADE IN ODPRAVNINE OB UPOKOJITVI",False,account_chart_si_gd
449000,account_account_449000,account.data_account_type_expenses,REZERVACIJE ZA POKRIVANJE DRUGIH OBVEZNOSTI IZ PRETEKLEGA POSLOVANJA,False,account_chart_si_gd
450000,account_account_450000,account.data_account_type_expenses,STROŠKI OBRESTI,False,account_chart_si_gd
470000,account_account_470000,account.data_account_type_expenses,PLAČE ZAPOSLENCEV,False,account_chart_si_gd
471000,account_account_471000,account.data_account_type_expenses,NADOMESTILA PLAČ ZAPOSLENCEV,False,account_chart_si_gd
472000,account_account_472000,account.data_account_type_expenses,STROŠKI DODATNEGA POKOJNINSKEGA ZAVAROVANJA ZAPOSLENCEV,False,account_chart_si_gd
473000,account_account_473000,account.data_account_type_expenses,"REGRES ZA LETNI DOPUST, BONITETE, POVRAČILA (ZA PREVOZ NA DELO IN Z NJEGA, ZA PREHRANO, ZA LOČENO ŽIVLJENJE) IN DRUGI PREJEMKI ZAPOSLENCEV",False,account_chart_si_gd
474000,account_account_474000,account.data_account_type_expenses,"DELODAJALČEVI PRISPEVKI OD PLAČ, NADOMESTIL PLAČ, BONITET, POVRAČIL IN DRUGIH PREJEMKOV ZAPOSLENCEV",False,account_chart_si_gd
475000,account_account_475000,account.data_account_type_expenses,"DRUGE DELODAJALČEVE DAJATVE OD PLAČ, NADOMESTIL PLAČ, BONITET, POVRAČIL IN DRUGIH PREJEMKOV ZAPOSLENCEV",False,account_chart_si_gd
476000,account_account_476000,account.data_account_type_expenses,"NAGRADE VAJENCEM SKUPAJ Z DAJATVAMI, KI BREMENIJO PODJETJE",False,account_chart_si_gd
480000,account_account_480000,account.data_account_type_expenses,"DAJATVE, KI NISO ODVISNE OD STROŠKOV DELA ALI DRUGIH VRST STROŠKOV",False,account_chart_si_gd
481000,account_account_481000,account.data_account_type_expenses,IZDATKI ZA VARSTVO OKOLJA,False,account_chart_si_gd
482000,account_account_482000,account.data_account_type_expenses,NAGRADE DIJAKOM IN ŠTUDENTOM NA DELOVNI PRAKSI SKUPAJ Z DAJATVAMI,False,account_chart_si_gd
483000,account_account_483000,account.data_account_type_expenses,ŠTIPENDIJE DIJAKOM IN ŠTUDENTOM,False,account_chart_si_gd
484000,account_account_484000,account.data_account_type_expenses,Foreigh izguba deviznega,False,account_chart_si_gd
489000,account_account_489000,account.data_account_type_expenses,OSTALI STROŠKI,False,account_chart_si_gd
490000,account_account_490000,account.data_account_type_expenses,PRENOS STROŠKOV V ZALOGE,False,account_chart_si_gd
491000,account_account_491000,account.data_account_type_expenses,PRENOS STROŠKOV NEPOSREDNO V ODHODKE,False,account_chart_si_gd
600000,account_account_600000,account.data_account_type_current_assets,NEDOKONČANA PROIZVODNJA,False,account_chart_si_gd
601000,account_account_601000,account.data_account_type_current_assets,NEDOKONČANE STORITVE,False,account_chart_si_gd
602000,account_account_602000,account.data_account_type_current_assets,POLIZDELKI,False,account_chart_si_gd
604000,account_account_604000,account.data_account_type_current_assets,PROIZVODNJA V DODELAVI IN PREDELAVI,False,account_chart_si_gd
609000,account_account_609000,account.data_account_type_current_assets,ODMIKI OD CEN NEDOKONČANIH PROIZVODNJE IN STORITEV,False,account_chart_si_gd
630000,account_account_630000,account.data_account_type_current_assets,PROIZVODI V LASTNEM SKLADIŠČU,False,account_chart_si_gd
631000,account_account_631000,account.data_account_type_current_assets,PROIZVODI V TUJEM SKLADIŠČU,False,account_chart_si_gd
632000,account_account_632000,account.data_account_type_current_assets,PROIZVODI NA POTI,False,account_chart_si_gd
633000,account_account_633000,account.data_account_type_current_assets,PROIZVODI V LASTNI PRODAJALNI,False,account_chart_si_gd
634000,account_account_634000,account.data_account_type_current_assets,VRAČUNANI DDV OD PROIZVODOV V PRODAJALNI,False,account_chart_si_gd
635000,account_account_635000,account.data_account_type_current_assets,PROIZVODI V DODELAVI IN PREDELAVI,False,account_chart_si_gd
639000,account_account_639000,account.data_account_type_current_assets,ODMIKI OD CEN PROIZVODOV,False,account_chart_si_gd
650000,account_account_650000,account.data_account_type_current_assets,VREDNOST BLAGA PO OBRAČUNIH DOBAVITELJEV,False,account_chart_si_gd
651000,account_account_651000,account.data_account_type_current_assets,ODVISNI STROŠKI NABAVE BLAGA,False,account_chart_si_gd
659000,account_account_659000,account.data_account_type_current_assets,OBRAČUN NABAVE BLAGA,False,account_chart_si_gd
660000,account_account_660000,account.data_account_type_current_assets,BLAGO V LASTNEM SKLADIŠČU,False,account_chart_si_gd
661000,account_account_661000,account.data_account_type_current_assets,BLAGO V TUJEM SKLADIŠČU,False,account_chart_si_gd
662000,account_account_662000,account.data_account_type_current_assets,BLAGO NA POTI,False,account_chart_si_gd
663000,account_account_663000,account.data_account_type_current_assets,BLAGO V LASTNI PRODAJALNI,False,account_chart_si_gd
664000,account_account_664000,account.data_account_type_current_assets,"DDV, VRAČUNAN V ZALOGAH BLAGA",False,account_chart_si_gd
669000,account_account_669000,account.data_account_type_current_assets,VRAČUNANA RAZLIKA V CENAH ZALOG BLAGA,False,account_chart_si_gd
670000,account_account_670000,account.data_account_type_current_assets,"OPREDMETENA OSNOVNA SREDSTVA, NAMENJENA PRODAJI",False,account_chart_si_gd
671000,account_account_671000,account.data_account_type_current_assets,"NALOŽBENE NEPREMIČNINE, VREDNOTENE PO MODELU NABAVNE VREDNOSTI, NAMENJENE PRODAJI",False,account_chart_si_gd
672000,account_account_672000,account.data_account_type_current_assets,"DRUGA NEKRATKOROČNA SREDSTVA, NAMENJENA PRODAJI",False,account_chart_si_gd
673000,account_account_673000,account.data_account_type_current_assets,"SREDSTVA DELA DENAR USTVARJAJOČE ENOTE, NAMENJENA PRODAJI",False,account_chart_si_gd
674000,account_account_674000,account.data_account_type_current_assets,"SREDSTVA DENAR USTVARJAJOČE ENOTE, NAMENJENA PRODAJI",False,account_chart_si_gd
700000,account_account_700000,account.data_account_type_expenses,VREDNOST PRODANIH POSLOVNIH UČINKOV,False,account_chart_si_gd
701000,account_account_701000,account.data_account_type_expenses,VREDNOST USREDSTVENIH LASTNIH PROIZVODOV IN STORITEV,False,account_chart_si_gd
702000,account_account_702000,account.data_account_type_expenses,NABAVNA VREDNOST PRODANIH MATERIALA IN BLAGA,False,account_chart_si_gd
703000,account_account_703000,account.data_account_type_expenses,DRUGI POSLOVNI ODHODKI,False,account_chart_si_gd
710000,account_account_710000,account.data_account_type_expenses,VREDNOST PRODANIH POSLOVNIH UČINKOV,False,account_chart_si_gd
711000,account_account_711000,account.data_account_type_expenses,NABAVNA VREDNOST PRODANIH MATERIALA IN BLAGA,False,account_chart_si_gd
712000,account_account_712000,account.data_account_type_expenses,STROŠKI PRODAJANJA,False,account_chart_si_gd
713000,account_account_713000,account.data_account_type_expenses,STROŠKI SPLOŠNIH DEJAVNOSTI (NABAVE IN UPRAVE),False,account_chart_si_gd
714000,account_account_714000,account.data_account_type_expenses,"DRUGI STROŠKI, KI SE NE ZADRŽUJEJO V ZALOGAH",False,account_chart_si_gd
720000,account_account_720000,account.data_account_type_expenses,"PREVREDNOTOVALNI POSLOVNI ODHODKI V ZVEZI Z NEOPREDMETENIMI SREDSTVI, OPREDMETENIMI OSNOVNIMI SREDSTVI IN NALOŽBENIMI NEPREMIČNINAMI RAZPOREJENIMI IN IZMERJENIMI PO MODELU NABAVNE VREDNOSTI",False,account_chart_si_gd
721000,account_account_721000,account.data_account_type_expenses,"PREVREDNOTOVALNI POSLOVNI ODHODKI V ZVEZI S KRATKOROČNIMI SREDSTVI, RAZEN S FINANČNIMI NALOŽBAMI",False,account_chart_si_gd
722000,account_account_722000,account.data_account_type_expenses,PREVREDNOTOVALNI POSLOVNI ODHODKI V ZVEZI S STROŠKI DELA,False,account_chart_si_gd
740000,account_account_740000,account.data_account_type_expenses,"ODHODKI IZ POSOJIL, PREJETIH OD DRUŽB V SKUPINI",False,account_chart_si_gd
741000,account_account_741000,account.data_account_type_expenses,"ODHODKI IZ POSOJIL, PREJETIH OD BANK",False,account_chart_si_gd
742000,account_account_742000,account.data_account_type_expenses,ODHODKI IZ IZDANIH OBVEZNIC,False,account_chart_si_gd
743000,account_account_743000,account.data_account_type_expenses,ODHODKI IZ DRUGIH FINANČNIH OBVEZNOSTI,False,account_chart_si_gd
744000,account_account_744000,account.data_account_type_expenses,ODHODKI IZ POSLOVNIH OBVEZNOSTI DO DRUŽB V SKUPINI,False,account_chart_si_gd
745000,account_account_745000,account.data_account_type_expenses,ODHODKI IZ OBVEZNOSTI DO DOBAVITELJEV IN MENIČNIH OBVEZNOSTI,False,account_chart_si_gd
746000,account_account_746000,account.data_account_type_expenses,ODHODKI IZ DRUGIH POSLOVNIH OBVEZNOSTI,False,account_chart_si_gd
747000,account_account_747000,account.data_account_type_expenses,"ODHODKI IZ SREDSTEV, RAZPOREJENIH PO POŠTENI VREDNOSTI PREK POSLOVNEGA IZIDA",False,account_chart_si_gd
748000,account_account_748000,account.data_account_type_expenses,ODHODKI IZ OSLABITVE FINANČNIH NALOŽB,False,account_chart_si_gd
749000,account_account_749000,account.data_account_type_expenses,ODHODKI IZ ODPRAVE PRIPOZNANJA FINANČNIH NALOŽB,False,account_chart_si_gd
750000,account_account_750000,account.data_account_type_expenses,ODHODKI IZ VREDNOTENJA NALOŽBENIH NEPREMIČNIN PO MODELU POŠTENE VREDNOSTI,False,account_chart_si_gd
751000,account_account_751000,account.data_account_type_expenses,"ODHODKI IZ ODTUJITVE NALOŽBENIH NEPREMIČNIN, IZMERJENIH PO POŠTENI VREDNOSTI",False,account_chart_si_gd
752000,account_account_752000,account.data_account_type_expenses,DENARNE KAZNI,False,account_chart_si_gd
753000,account_account_753000,account.data_account_type_expenses,ODŠKODNINE,False,account_chart_si_gd
759000,account_account_759000,account.data_account_type_expenses,OSTALI ODHODKI,False,account_chart_si_gd
760000,account_account_760000,account.data_account_type_revenue,PRIHODKI OD PRODAJE PROIZVODOV IN STORITEV NA DOMAČEM TRGU,False,account_chart_si_gd
761000,account_account_761000,account.data_account_type_revenue,PRIHODKI OD PRODAJE PROIZVODOV IN STORITEV NA TUJEM TRGU,False,account_chart_si_gd
762000,account_account_762000,account.data_account_type_revenue,PRIHODKI OD PRODAJE TRGOVSKEGA BLAGA IN MATERIALA NA DOMAČEM TRGU,False,account_chart_si_gd
763000,account_account_763000,account.data_account_type_revenue,PRIHODKI OD PRODAJE TRGOVSKEGA BLAGA IN MATERIALA NA TUJEM TRGU,False,account_chart_si_gd
765000,account_account_765000,account.data_account_type_revenue,PRIHODKI OD NAJEMNIN,False,account_chart_si_gd
766000,account_account_766000,account.data_account_type_revenue,PRIHODKI OD ODPRAVE REZERVACIJ,False,account_chart_si_gd
767000,account_account_767000,account.data_account_type_revenue,PRIHODKI OD POSLOVNIH ZDRUŽITEV (PRESEŽEK IZ PREVREDNOTENJA - SLABO IME),False,account_chart_si_gd
768000,account_account_768000,account.data_account_type_revenue,"DRUGI PRIHODKI, POVEZANI S POSLOVNIMI UČINKI (SUBVENCIJE, DOTACIJE, REGRESI, KOMPENZACIJE, PREMIJE ...)",False,account_chart_si_gd
769000,account_account_769000,account.data_account_type_revenue,PREVREDNOTOVALNI POSLOVNI PRIHODKI,False,account_chart_si_gd
770000,account_account_770000,account.data_account_type_revenue,FINANČNI PRIHODKI IZ DELEŽEV V DRUŽBAH V SKUPINI,False,account_chart_si_gd
771000,account_account_771000,account.data_account_type_revenue,FINANČNI PRIHODKI IZ DELEŽEV V PRIDRUŽENIH DRUŽBAH IN SKUPAJ OBVLADOVANIH DRUŽBAH,False,account_chart_si_gd
772000,account_account_772000,account.data_account_type_revenue,FINANČNI PRIHODKI IZ DELEŽEV V DRUGIH DRUŽBAH,False,account_chart_si_gd
773000,account_account_773000,account.data_account_type_revenue,FINANČNI PRIHODKI IZ DRUGIH NALOŽB,False,account_chart_si_gd
774000,account_account_774000,account.data_account_type_revenue,"FINANČNI PRIHODKI IZ POSOJIL, DANIH DRUŽBAM V SKUPINI",False,account_chart_si_gd
775000,account_account_775000,account.data_account_type_revenue,"FINANČNI PRIHODKI IZ POSOJIL, DANIH DRUGIM (TUDI OD DEPOZITOV)",False,account_chart_si_gd
776000,account_account_776000,account.data_account_type_revenue,FINANČNI PRIHODKI IZ POSLOVNIH TERJATEV DO DRUŽB V SKUPINI,False,account_chart_si_gd
777000,account_account_777000,account.data_account_type_revenue,FINANČNI PRIHODKI IZ POSLOVNIH TERJATEV DO DRUGIH,False,account_chart_si_gd
778000,account_account_778000,account.data_account_type_revenue,"FINANČNI PRIHODKI IZ FINANČNIH SREDSTEV, RAZPOREJENIH PO POŠTENI VREDNOSTI PREK POSLOVNEGA IZIDA",False,account_chart_si_gd
780000,account_account_780000,account.data_account_type_revenue,PRIHODKI IZ VREDNOTENJA NALOŽBENIH NEPREMIČNIN PO POŠTENI VREDNOSTI,False,account_chart_si_gd
781000,account_account_781000,account.data_account_type_revenue,"PRIHODKI IZ ODTUJITVE NALOŽBENIH NEPREMIČNIN, IZMERJENIH PO POŠTENI VREDNOSTI",False,account_chart_si_gd
785000,account_account_785000,account.data_account_type_revenue,"SUBVENCIJE, DOTACIJE IN PODOBNI PRIHODKI, KI NISO POVEZANI S POSLOVNIMI UČINKI",False,account_chart_si_gd
786000,account_account_786000,account.data_account_type_revenue,PREJETE ODŠKODNINE,False,account_chart_si_gd
787000,account_account_787000,account.data_account_type_revenue,PREJETE KAZNI,False,account_chart_si_gd
789000,account_account_789000,account.data_account_type_revenue,OSTALI PRIHODKI,False,account_chart_si_gd
800000,account_account_800000,account.data_account_type_current_liabilities,DOBIČEK ALI IZGUBA PRED OBDAVČITVIJO,False,account_chart_si_gd
810000,account_account_810000,account.data_account_type_current_liabilities,DAVEK OD DOHODKA,False,account_chart_si_gd
812000,account_account_812000,account.data_account_type_current_liabilities,"DRUGI DAVKI, KI NISO IZKAZANI V DRUGIH POSTAVKAH",False,account_chart_si_gd
813000,account_account_813000,account.data_account_type_current_liabilities,PRIHODKI (ODHODKI) IZ NASLOVA ODLOŽENEGA DAVKA,False,account_chart_si_gd
815000,account_account_815000,account.data_account_type_current_liabilities,ČISTI DOBIČEK POSLOVNEGA LETA,False,account_chart_si_gd
820000,account_account_820000,account.data_account_type_current_liabilities,ČISTI DOBIČEK ZA KRITJE PRENESENIH IZGUB,False,account_chart_si_gd
821000,account_account_821000,account.data_account_type_current_liabilities,ČISTI DOBIČEK ZA OBLIKOVANJE ZAKONSKIH REZERV,False,account_chart_si_gd
822000,account_account_822000,account.data_account_type_current_liabilities,ČISTI DOBIČEK ZA OBLIKOVANJE REZERV ZA LASTNE DELNICE OZIROMA DELEŽE,False,account_chart_si_gd
823000,account_account_823000,account.data_account_type_current_liabilities,ČISTI DOBIČEK ZA OBLIKOVANJE STATUTARNIH REZERV,False,account_chart_si_gd
824000,account_account_824000,account.data_account_type_current_liabilities,ČISTI DOBIČEK ZA DRUGE REZERVE IZ DOBIČKA,False,account_chart_si_gd
829000,account_account_829000,account.data_account_type_current_liabilities,PRENOS NEUPORABLJENEGA DELA ČISTEGA DOBIČKA POSLOVNEGA LETA,False,account_chart_si_gd
890000,account_account_890000,account.data_account_type_current_liabilities,IZGUBA TEKOČEGA LETA,False,account_chart_si_gd
899000,account_account_899000,account.data_account_type_current_liabilities,PRENOS IZGUBE TEKOČEGA LETA,False,account_chart_si_gd
900000,account_account_900000,account.data_account_type_current_liabilities,OSNOVNI DELNIŠKI KAPITAL - NAVADNE DELNICE,False,account_chart_si_gd
901000,account_account_901000,account.data_account_type_current_liabilities,OSNOVNI DELNIŠKI KAPITAL - PREDNOSTNE DELNICE,False,account_chart_si_gd
902000,account_account_902000,account.data_account_type_current_liabilities,OSNOVNI KAPITAL - KAPITALSKI DELEŽI,False,account_chart_si_gd
903000,account_account_903000,account.data_account_type_current_liabilities,OSNOVNI KAPITAL - KAPITALSKA VLOGA,False,account_chart_si_gd
909000,account_account_909000,account.data_account_type_current_liabilities,NEVPOKLICANI KAPITAL (ODBITNA POSTAVKA),False,account_chart_si_gd
910000,account_account_910000,account.data_account_type_current_liabilities,VPLAČILA NAD NAJMANJŠIMI EMISIJSKIMI ZNESKI DELNIC OZIROMA DELEŽEV (VPLAČANI PRESEŽEK KAPITALA),False,account_chart_si_gd
911000,account_account_911000,account.data_account_type_current_liabilities,VPLAČILA NAD KNJIGOVODSKO VREDNOSTJO PRI ODTUJITVI ZAČASNO ODKUPLJENIH LASTNIH DELNIC OZIROMA DELEŽEV,False,account_chart_si_gd
912000,account_account_912000,account.data_account_type_current_liabilities,"VPLAČILA NAD NAJMANJŠIM EMISIJSKIM ZNESKOM KAPITALA, PRIDOBLJENA Z IZDAJO ZAMENLJIVIH OBVEZNIC IN OBVEZNIC Z DELNIŠKO NAKUPNO OPCIJO",False,account_chart_si_gd
913000,account_account_913000,account.data_account_type_current_liabilities,VPLAČILA ZA PRIDOBITEV DODATNIH PRAVIC IZ DELNIC OZIROMA DELEŽEV,False,account_chart_si_gd
914000,account_account_914000,account.data_account_type_current_liabilities,DRUGA VPLAČILA KAPITALA NA PODLAGI STATUTA,False,account_chart_si_gd
915000,account_account_915000,account.data_account_type_current_liabilities,ZNESKI IZ POENOSTAVLJENEGA ZMANJŠANJA OSNOVNEGA KAPITALA IN ZNESKI ZMANJŠANJA OSNOVNEGA KAPITALA Z UMIKOM DELNIC OZIROMA DELEŽEV,False,account_chart_si_gd
916000,account_account_916000,account.data_account_type_current_liabilities,SPLOŠNI PREVREDNOTOVALNI POPRAVEK KAPITALA,False,account_chart_si_gd
917000,account_account_917000,account.data_account_type_current_liabilities,ZNESKI IZ UČINKOV POTRJENE PRISILNE PORAVNAVE,False,account_chart_si_gd
920000,account_account_920000,account.data_account_type_current_liabilities,ZAKONSKE REZERVE,False,account_chart_si_gd
921000,account_account_921000,account.data_account_type_current_liabilities,REZERVE ZA LASTNE DELNICE OZIROMA LASTNE POSLOVNE DELEŽE,False,account_chart_si_gd
922000,account_account_922000,account.data_account_type_current_liabilities,STATUTARNE REZERVE,False,account_chart_si_gd
923000,account_account_923000,account.data_account_type_current_liabilities,DRUGE REZERVE IZ DOBIČKA,False,account_chart_si_gd
929000,account_account_929000,account.data_account_type_current_liabilities,PRIDOBLJENE LASTNE DELNICE OZIROMA LASTNI POSLOVNI DELEŽI (ODBITNA POSTAVKA),False,account_chart_si_gd
930000,account_account_930000,account.data_account_type_current_liabilities,PRENESENI ČISTI DOBIČEK IZ PREJŠNJIH LET,False,account_chart_si_gd
931000,account_account_931000,account.data_account_type_current_liabilities,PRENESENA ČISTA IZGUBA IZ PREJŠNJIH LET,False,account_chart_si_gd
932000,account_account_932000,account.data_account_type_current_liabilities,NEUPORABLJENI DEL ČISTEGA DOBIČKA POSLOVNEGA LETA,False,account_chart_si_gd
933000,account_account_933000,account.data_account_type_current_liabilities,ČISTA IZGUBA POSLOVNEGA LETA,False,account_chart_si_gd
934000,account_account_934000,account.data_account_type_current_liabilities,PRENOS IZ PRESEŽKA IZ PREVREDNOTENJA,False,account_chart_si_gd
950000,account_account_950000,account.data_account_type_current_liabilities,PRESEŽEK IZ PREVREDNOTENJA ZEMLJIŠČ,False,account_chart_si_gd
951000,account_account_951000,account.data_account_type_current_liabilities,PRESEŽEK IZ PREVREDNOTENJA ZGRADB,False,account_chart_si_gd
952000,account_account_952000,account.data_account_type_current_liabilities,PRESEŽEK IZ PREVREDNOTENJA OPREME,False,account_chart_si_gd
953000,account_account_953000,account.data_account_type_current_liabilities,PRESEŽEK IZ PREVREDNOTENJA NEOPREDMETENIH SREDSTEV,False,account_chart_si_gd
954000,account_account_954000,account.data_account_type_current_liabilities,PRESEŽEK IZ PREVREDNOTENJA DOLGOROČNIH FINANČNIH NALOŽB,False,account_chart_si_gd
955000,account_account_955000,account.data_account_type_current_liabilities,PRESEŽEK IZ PREVREDNOTENJA KRATKOROČNIH FINANČNIH NALOŽB,False,account_chart_si_gd
959000,account_account_959000,account.data_account_type_current_liabilities,POPRAVEK VREDNOSTI PRESEŽKOV IZ PREVREDNOTENJA ZA ODLOŽENI DAVEK,False,account_chart_si_gd
960000,account_account_960000,account.data_account_type_current_liabilities,REZERVACIJE ZA STROŠKE REORGANIZACIJE PODJETJA,False,account_chart_si_gd
961000,account_account_961000,account.data_account_type_current_liabilities,REZERVACIJE ZA POKRIVANJE PRIHODNJIH STROŠKOV OZIROMA ODHODKOV ZARADI RAZGRADNJE IN PONOVNE VZPOSTAVITVE PRVOTNEGA STANJA TER DRUGE PODOBNE REZERVACIJE,False,account_chart_si_gd
962000,account_account_962000,account.data_account_type_current_liabilities,REZERVACIJE ZA KOČLJIVE POGODBE,False,account_chart_si_gd
963000,account_account_963000,account.data_account_type_current_liabilities,"REZERVACIJE ZA POKOJNINE, JUBILEJNE NAGRADE IN ODPRAVNINE OB UPOKOJITVI",False,account_chart_si_gd
964000,account_account_964000,account.data_account_type_current_liabilities,REZERVACIJE ZA DANA JAMSTVA,False,account_chart_si_gd
965000,account_account_965000,account.data_account_type_current_liabilities,DRUGE REZERVACIJE IZ NASLOVA DOLGOROČNO VNAPREJ VRAČUNANIH STROŠKOV,False,account_chart_si_gd
966000,account_account_966000,account.data_account_type_current_liabilities,PREJETE DRŽAVNE PODPORE,False,account_chart_si_gd
967000,account_account_967000,account.data_account_type_current_liabilities,PREJETE DONACIJE,False,account_chart_si_gd
968000,account_account_968000,account.data_account_type_current_liabilities,DRUGE DOLGOROČNE PASIVNE ČASOVNE RAZMEJITVE,False,account_chart_si_gd
970000,account_account_970000,account.data_account_type_current_liabilities,"DOLGOROČNA POSOJILA, DOBLJENA PRI DRUŽBAH V SKUPINI",False,account_chart_si_gd
971000,account_account_971000,account.data_account_type_current_liabilities,"DOLGOROČNA POSOJILA, DOBLJENA PRI PRIDRUŽENIH DRUŽBAH",False,account_chart_si_gd
972000,account_account_972000,account.data_account_type_current_liabilities,"DOLGOROČNA POSOJILA, DOBLJENA PRI BANKAH IN DRUŽBAH V DRŽAVI",False,account_chart_si_gd
973000,account_account_973000,account.data_account_type_current_liabilities,"DOLGOROČNA POSOJILA, DOBLJENA PRI BANKAH IN DRUŽBAH V TUJINI",False,account_chart_si_gd
974000,account_account_974000,account.data_account_type_current_liabilities,DOLGOROČNE FINANČNE OBVEZNOSTI V ZVEZI Z OBVEZNICAMI,False,account_chart_si_gd
975000,account_account_975000,account.data_account_type_current_liabilities,DOLGOROČNI DOLGOVI IZ FINANČNEGA NAJEMA,False,account_chart_si_gd
976000,account_account_976000,account.data_account_type_current_liabilities,DOLGOROČNE FINANČNE OBVEZNOSTI DO FIZIČNIH OSEB,False,account_chart_si_gd
979000,account_account_979000,account.data_account_type_current_liabilities,DRUGE DOLGOROČNE FINANČNE OBVEZNOSTI,False,account_chart_si_gd
980000,account_account_980000,account.data_account_type_current_liabilities,"DOLGOROČNI KREDITI, DOBLJENI NA PODLAGI KREDITNIH POGODB OD DRUŽB V SKUPINI",False,account_chart_si_gd
981000,account_account_981000,account.data_account_type_current_liabilities,"DOLGOROČNI KREDITI, DOBLJENI NA PODLAGI KREDITNIH POGODB OD PRIDRUŽENIH DRUŽB IN SKUPAJ OBVLADOVANIH DRUŽB",False,account_chart_si_gd
982000,account_account_982000,account.data_account_type_current_liabilities,"DOLGOROČNI KREDITI, DOBLJENI OD DRUGIH DOMAČIH DOBAVITELJEV",False,account_chart_si_gd
983000,account_account_983000,account.data_account_type_current_liabilities,"DOLGOROČNI KREDITI, DOBLJENI OD DRUGIH TUJIH DOBAVITELJEV",False,account_chart_si_gd
985000,account_account_985000,account.data_account_type_current_liabilities,DOLGOROČNE MENIČNE OBVEZNOSTI,False,account_chart_si_gd
986000,account_account_986000,account.data_account_type_current_liabilities,DOLGOROČNI DOBLJENI PREDUJMI IN VARŠČINE,False,account_chart_si_gd
988000,account_account_988000,account.data_account_type_current_liabilities,OBVEZNOSTI ZA ODLOŽENI DAVEK,False,account_chart_si_gd
989000,account_account_989000,account.data_account_type_current_liabilities,DRUGE DOLGOROČNE POSLOVNE OBVEZNOSTI,False,account_chart_si_gd
990000,account_account_990000,account.data_account_type_current_liabilities,"NAJETA, IZPOSOJENA IN ZAKUPLJENA (TUJA) SREDSTVA",False,account_chart_si_gd
991000,account_account_991000,account.data_account_type_current_liabilities,"MENICE IN DRUGI VREDNOSTNI PAPIRJI, PREJETI ZA ZAVAROVANJE PLAČIL",False,account_chart_si_gd
992000,account_account_992000,account.data_account_type_current_liabilities,"BLAGO, PREJETO V KOMISIJSKO IN KONSIGNACIJSKO PRODAJO",False,account_chart_si_gd
993000,account_account_993000,account.data_account_type_current_liabilities,"VREDNOTNICE, IZDANE ZA OBRAČUNAVANJE ZNOTRAJ PRAVNE OSEBE",False,account_chart_si_gd
994000,account_account_994000,account.data_account_type_current_liabilities,DRUGI AKTIVNI ZUNAJBILANČNI KONTI,False,account_chart_si_gd
995000,account_account_995000,account.data_account_type_current_liabilities,"LASTNIKI NAJETIH, IZPOSOJENIH IN ZAKUPLJENIH SREDSTEV",False,account_chart_si_gd
996000,account_account_996000,account.data_account_type_current_liabilities,"DOLŽNIKI, KI SO ZAVAROVALI PLAČILA Z MENICAMI IN DRUGIMI VREDNOSTNIMI PAPIRJI",False,account_chart_si_gd
997000,account_account_997000,account.data_account_type_current_liabilities,"OBVEZNOSTI IZ BLAGA, PREJETEGA V KOMISIJSKO IN KONSIGNACIJSKO PRODAJO",False,account_chart_si_gd
998000,account_account_998000,account.data_account_type_current_liabilities,"NOMINALNA VREDNOST VREDNOTNIC, IZDANIH ZA OBRAČUNAVANJE ZNOTRAJ PRAVNE OSEBE",False,account_chart_si_gd
999000,account_account_999000,account.data_account_type_current_liabilities,DRUGI PASIVNI ZUNAJBILANČNI KONTI,False,account_chart_si_gd
